timestamp_utc,timestamp_unix_s,left_ft_force,right_ft_force,max_ft_force
2026-04-12T05:37:42.508793+00:00,1775972262.508793,9.810000,0.000660,9.810000
2026-04-12T05:37:42.572708+00:00,1775972262.572708,9.810002,0.000660,9.810002
2026-04-12T05:37:42.653227+00:00,1775972262.653227,9.810113,0.000661,9.810113
2026-04-12T05:37:42.770564+00:00,1775972262.770564,9.862568,0.000663,9.862568
2026-04-12T05:37:42.841147+00:00,1775972262.841147,9.861991,0.000663,9.861991
2026-04-12T05:37:42.908865+00:00,1775972262.908865,9.854361,0.000663,9.854361
2026-04-12T05:37:42.975993+00:00,1775972262.975993,9.846523,0.000662,9.846523
2026-04-12T05:37:43.042302+00:00,1775972263.042302,9.839276,0.000662,9.839276
2026-04-12T05:37:43.142202+00:00,1775972263.142202,9.834196,0.000661,9.834196
2026-04-12T05:37:43.228536+00:00,1775972263.228536,9.829291,0.000661,9.829291
2026-04-12T05:37:43.314792+00:00,1775972263.314792,9.825857,0.000661,9.825857
2026-04-12T05:37:43.378831+00:00,1775972263.378831,9.822666,0.000661,9.822666
2026-04-12T05:37:43.442495+00:00,1775972263.442495,9.820250,0.000661,9.820250
2026-04-12T05:37:43.509116+00:00,1775972263.509116,9.818903,0.000662,9.818903
2026-04-12T05:37:43.579139+00:00,1775972263.579139,9.816937,0.000660,9.816937
2026-04-12T05:37:43.670786+00:00,1775972263.670786,9.815477,0.000660,9.815477
2026-04-12T05:37:43.742021+00:00,1775972263.742021,9.814978,0.000660,9.814978
2026-04-12T05:37:43.820690+00:00,1775972263.820690,9.813545,0.000660,9.813545
2026-04-12T05:37:43.886367+00:00,1775972263.886367,9.812882,0.000660,9.812882
2026-04-12T05:37:43.956358+00:00,1775972263.956358,9.812564,0.000661,9.812564
2026-04-12T05:37:44.028127+00:00,1775972264.028127,9.812252,0.000660,9.812252
2026-04-12T05:37:44.095209+00:00,1775972264.095209,9.811560,0.000660,9.811560
2026-04-12T05:37:44.174965+00:00,1775972264.174965,9.811509,0.000660,9.811509
2026-04-12T05:37:44.242970+00:00,1775972264.242970,9.811441,0.000659,9.811441
2026-04-12T05:37:44.312420+00:00,1775972264.312420,9.810826,0.000660,9.810826
2026-04-12T05:37:44.391940+00:00,1775972264.391940,9.810601,0.000660,9.810601
2026-04-12T05:37:44.459446+00:00,1775972264.459446,9.810488,0.000660,9.810488
2026-04-12T05:37:44.541837+00:00,1775972264.541837,9.809956,0.000660,9.809956
2026-04-12T05:37:44.609152+00:00,1775972264.609152,9.810556,0.000660,9.810556
2026-04-12T05:37:44.688117+00:00,1775972264.688117,9.809952,0.000660,9.809952
2026-04-12T05:37:44.763137+00:00,1775972264.763137,9.810194,0.000660,9.810194
2026-04-12T05:37:44.833993+00:00,1775972264.833993,9.810195,0.000660,9.810195
2026-04-12T05:37:44.923927+00:00,1775972264.923927,9.810027,0.000660,9.810027
2026-04-12T05:37:44.992886+00:00,1775972264.992886,9.810046,0.000660,9.810046
2026-04-12T05:37:45.068647+00:00,1775972265.068647,9.810392,0.000661,9.810392
2026-04-12T05:37:45.141523+00:00,1775972265.141523,9.810116,0.000660,9.810116
2026-04-12T05:37:45.212177+00:00,1775972265.212177,9.810470,0.000659,9.810470
2026-04-12T05:37:45.285102+00:00,1775972265.285102,9.810149,0.000660,9.810149
2026-04-12T05:37:45.376336+00:00,1775972265.376336,9.810080,0.000660,9.810080
2026-04-12T05:37:45.475847+00:00,1775972265.475847,9.809967,0.000660,9.809967
2026-04-12T05:37:45.540882+00:00,1775972265.540882,9.810091,0.000660,9.810091
2026-04-12T05:37:45.610417+00:00,1775972265.610417,9.809961,0.000660,9.809961
2026-04-12T05:37:45.683756+00:00,1775972265.683756,9.810116,0.000660,9.810116
2026-04-12T05:37:45.750998+00:00,1775972265.750998,9.810070,0.000660,9.810070
2026-04-12T05:37:45.824833+00:00,1775972265.824833,9.809986,0.000660,9.809986
2026-04-12T05:37:45.898294+00:00,1775972265.898294,9.810005,0.000660,9.810005
2026-04-12T05:37:45.965832+00:00,1775972265.965832,9.809979,0.000660,9.809979
2026-04-12T05:37:46.041316+00:00,1775972266.041316,9.809942,0.000660,9.809942
2026-04-12T05:37:46.116498+00:00,1775972266.116498,9.810007,0.000660,9.810007
2026-04-12T05:37:46.183710+00:00,1775972266.183710,9.809940,0.000660,9.809940
2026-04-12T05:37:46.250539+00:00,1775972266.250539,9.810217,0.000660,9.810217
2026-04-12T05:37:46.317007+00:00,1775972266.317007,9.810049,0.000661,9.810049
2026-04-12T05:37:46.387507+00:00,1775972266.387507,9.810134,0.000660,9.810134
2026-04-12T05:37:46.455371+00:00,1775972266.455371,9.810842,0.000659,9.810842
2026-04-12T05:37:46.536634+00:00,1775972266.536634,9.810077,0.000660,9.810077
2026-04-12T05:37:46.611112+00:00,1775972266.611112,9.809895,0.000660,9.809895
2026-04-12T05:37:46.684664+00:00,1775972266.684664,9.810013,0.000660,9.810013
2026-04-12T05:37:46.762594+00:00,1775972266.762594,9.809934,0.000660,9.809934
2026-04-12T05:37:46.842530+00:00,1775972266.842530,9.809945,0.000660,9.809945
2026-04-12T05:37:46.917709+00:00,1775972266.917709,9.810106,0.000660,9.810106
2026-04-12T05:37:46.989528+00:00,1775972266.989528,9.809752,0.000660,9.809752
2026-04-12T05:37:47.069008+00:00,1775972267.069008,9.810141,0.000660,9.810141
2026-04-12T05:37:47.143497+00:00,1775972267.143497,9.810036,0.000661,9.810036
2026-04-12T05:37:47.217096+00:00,1775972267.217096,9.809969,0.000660,9.809969
2026-04-12T05:37:47.305472+00:00,1775972267.305472,9.810270,0.000660,9.810270
2026-04-12T05:37:47.382358+00:00,1775972267.382358,9.810299,0.000660,9.810299
2026-04-12T05:37:47.458613+00:00,1775972267.458613,9.810037,0.000660,9.810037
2026-04-12T05:37:47.527897+00:00,1775972267.527897,9.810084,0.000660,9.810084
2026-04-12T05:37:47.604645+00:00,1775972267.604645,9.810415,0.000659,9.810415
2026-04-12T05:37:47.691803+00:00,1775972267.691803,9.809847,0.000660,9.809847
2026-04-12T05:37:47.772347+00:00,1775972267.772347,9.810066,0.000660,9.810066
2026-04-12T05:37:47.840793+00:00,1775972267.840793,9.809948,0.000660,9.809948
2026-04-12T05:37:47.909025+00:00,1775972267.909025,9.809954,0.000660,9.809954
2026-04-12T05:37:47.981476+00:00,1775972267.981476,9.810066,0.000660,9.810066
2026-04-12T05:37:48.055525+00:00,1775972268.055525,9.809845,0.000660,9.809845
2026-04-12T05:37:48.135543+00:00,1775972268.135543,9.810106,0.000660,9.810106
2026-04-12T05:37:48.225193+00:00,1775972268.225193,9.810056,0.000661,9.810056
2026-04-12T05:37:48.295043+00:00,1775972268.295043,9.810077,0.000660,9.810077
2026-04-12T05:37:48.360037+00:00,1775972268.360037,9.810719,0.000659,9.810719
2026-04-12T05:37:48.429926+00:00,1775972268.429926,9.810018,0.000660,9.810018
2026-04-12T05:37:48.492091+00:00,1775972268.492091,9.810092,0.000660,9.810092
2026-04-12T05:37:48.568318+00:00,1775972268.568318,9.810104,0.000660,9.810104
2026-04-12T05:37:48.646211+00:00,1775972268.646211,9.810062,0.000661,9.810062
2026-04-12T05:37:48.714806+00:00,1775972268.714806,9.810199,0.000659,9.810199
2026-04-12T05:37:48.783782+00:00,1775972268.783782,9.809947,0.000660,9.809947
2026-04-12T05:37:48.852139+00:00,1775972268.852139,9.809951,0.000660,9.809951
2026-04-12T05:37:48.932739+00:00,1775972268.932739,9.810092,0.000660,9.810092
2026-04-12T05:37:49.005981+00:00,1775972269.005981,9.809996,0.000660,9.809996
2026-04-12T05:37:49.084799+00:00,1775972269.084799,9.810014,0.000660,9.810014
2026-04-12T05:37:49.162880+00:00,1775972269.162880,9.810005,0.000661,9.810005
2026-04-12T05:37:49.246731+00:00,1775972269.246731,9.810037,0.000660,9.810037
2026-04-12T05:37:49.314398+00:00,1775972269.314398,9.810032,0.000660,9.810032
2026-04-12T05:37:49.391654+00:00,1775972269.391654,9.810349,0.000660,9.810349
2026-04-12T05:37:49.468358+00:00,1775972269.468358,9.810424,0.000659,9.810424
2026-04-12T05:37:49.543081+00:00,1775972269.543081,9.809966,0.000660,9.809966
2026-04-12T05:37:49.613311+00:00,1775972269.613311,9.810021,0.000660,9.810021
2026-04-12T05:37:49.683602+00:00,1775972269.683602,9.809955,0.000660,9.809955
2026-04-12T05:37:49.753814+00:00,1775972269.753814,9.810015,0.000660,9.810015
2026-04-12T05:37:49.825031+00:00,1775972269.825031,9.809977,0.000660,9.809977
2026-04-12T05:37:49.896503+00:00,1775972269.896503,9.809948,0.000660,9.809948
2026-04-12T05:37:49.962490+00:00,1775972269.962490,9.810058,0.000660,9.810058
2026-04-12T05:37:50.043281+00:00,1775972270.043281,9.809991,0.000660,9.809991
2026-04-12T05:37:50.129770+00:00,1775972270.129770,9.809894,0.000661,9.809894
2026-04-12T05:37:50.200500+00:00,1775972270.200500,9.810217,0.000660,9.810217
2026-04-12T05:37:50.262707+00:00,1775972270.262707,9.810158,0.000660,9.810158
2026-04-12T05:37:50.341408+00:00,1775972270.341408,9.810078,0.000660,9.810078
2026-04-12T05:37:50.411039+00:00,1775972270.411039,37.286372,0.002697,37.286372
2026-04-12T05:37:50.498267+00:00,1775972270.498267,30.434258,0.002238,30.434258
2026-04-12T05:37:50.603835+00:00,1775972270.603835,10.101187,0.000748,10.101187
2026-04-12T05:37:50.681468+00:00,1775972270.681468,4.809081,0.000309,4.809081
2026-04-12T05:37:50.747032+00:00,1775972270.747032,4.816187,0.000307,4.816187
2026-04-12T05:37:50.812002+00:00,1775972270.812002,5.110258,0.000344,5.110258
2026-04-12T05:37:50.879828+00:00,1775972270.879828,6.187583,0.000420,6.187583
2026-04-12T05:37:50.949907+00:00,1775972270.949907,7.735299,0.000514,7.735299
2026-04-12T05:37:51.019526+00:00,1775972271.019526,9.116811,0.000623,9.116811
2026-04-12T05:37:51.092271+00:00,1775972271.092271,12.554406,0.000827,12.554406
2026-04-12T05:37:51.174015+00:00,1775972271.174015,21.332325,0.001405,21.332325
2026-04-12T05:37:51.240728+00:00,1775972271.240728,20.549806,0.001351,20.549806
2026-04-12T05:37:51.313684+00:00,1775972271.313684,19.558040,0.001303,19.558040
2026-04-12T05:37:51.392708+00:00,1775972271.392708,18.759536,0.001253,18.759536
2026-04-12T05:37:51.463805+00:00,1775972271.463805,17.866455,0.001196,17.866455
2026-04-12T05:37:51.532333+00:00,1775972271.532333,21.012455,0.001410,21.012455
2026-04-12T05:37:51.599696+00:00,1775972271.599696,21.661062,0.001461,21.661062
2026-04-12T05:37:51.678355+00:00,1775972271.678355,20.553237,0.001391,20.553237
2026-04-12T05:37:51.739435+00:00,1775972271.739435,18.591553,0.001262,18.591553
2026-04-12T05:37:51.812355+00:00,1775972271.812355,16.194497,0.001102,16.194497
2026-04-12T05:37:51.883325+00:00,1775972271.883325,13.897710,0.000949,13.897710
2026-04-12T05:37:51.948749+00:00,1775972271.948749,14.820323,0.001020,14.820323
2026-04-12T05:37:52.035873+00:00,1775972272.035873,13.376371,0.000935,13.376371
2026-04-12T05:37:52.123215+00:00,1775972272.123215,11.806482,0.000821,11.806482
2026-04-12T05:37:52.205257+00:00,1775972272.205257,13.215478,0.000894,13.215478
2026-04-12T05:37:52.281295+00:00,1775972272.281295,14.195099,0.000959,14.195099
2026-04-12T05:37:52.366103+00:00,1775972272.366103,13.725182,0.000914,13.725182
2026-04-12T05:37:52.459607+00:00,1775972272.459607,14.419047,0.000958,14.419047
2026-04-12T05:37:52.526089+00:00,1775972272.526089,13.973197,0.000930,13.973197
2026-04-12T05:37:52.599493+00:00,1775972272.599493,12.936334,0.000864,12.936334
2026-04-12T05:37:52.668878+00:00,1775972272.668878,12.273455,0.000820,12.273455
2026-04-12T05:37:52.742606+00:00,1775972272.742606,11.780667,0.000789,11.780667
2026-04-12T05:37:52.811870+00:00,1775972272.811870,11.514596,0.000771,11.514596
2026-04-12T05:37:52.889998+00:00,1775972272.889998,11.182244,0.000750,11.182244
2026-04-12T05:37:52.965508+00:00,1775972272.965508,10.978461,0.000737,10.978461
2026-04-12T05:37:53.035983+00:00,1775972273.035983,10.830548,0.000728,10.830548
2026-04-12T05:37:53.101041+00:00,1775972273.101041,10.708304,0.000720,10.708304
2026-04-12T05:37:53.163353+00:00,1775972273.163353,10.601341,0.000713,10.601341
2026-04-12T05:37:53.226585+00:00,1775972273.226585,10.506219,0.000706,10.506219
2026-04-12T05:37:53.306378+00:00,1775972273.306378,10.421223,0.000701,10.421223
2026-04-12T05:37:53.380769+00:00,1775972273.380769,10.344805,0.000696,10.344805
2026-04-12T05:37:53.459373+00:00,1775972273.459373,10.276928,0.000691,10.276928
2026-04-12T05:37:53.528450+00:00,1775972273.528450,10.216746,0.000687,10.216746
2026-04-12T05:37:53.595817+00:00,1775972273.595817,10.111718,0.000681,10.111718
2026-04-12T05:37:53.676411+00:00,1775972273.676411,10.118547,0.000681,10.118547
2026-04-12T05:37:53.798368+00:00,1775972273.798368,10.141213,0.000682,10.141213
2026-04-12T05:37:53.888126+00:00,1775972273.888126,10.052014,0.000676,10.052014
2026-04-12T05:37:53.965396+00:00,1775972273.965396,10.004492,0.000673,10.004492
2026-04-12T05:37:54.038761+00:00,1775972274.038761,9.975035,0.000671,9.975035
2026-04-12T05:37:54.116544+00:00,1775972274.116544,9.952278,0.000670,9.952278
2026-04-12T05:37:54.204505+00:00,1775972274.204505,9.932770,0.000668,9.932770
2026-04-12T05:37:54.286061+00:00,1775972274.286061,9.916067,0.000667,9.916067
2026-04-12T05:37:54.378804+00:00,1775972274.378804,9.901765,0.000666,9.901765
2026-04-12T05:37:54.474228+00:00,1775972274.474228,9.888992,0.000665,9.888992
2026-04-12T05:37:54.548380+00:00,1775972274.548380,9.878295,0.000665,9.878295
2026-04-12T05:37:54.620841+00:00,1775972274.620841,9.868894,0.000664,9.868894
2026-04-12T05:37:54.692915+00:00,1775972274.692915,9.860819,0.000663,9.860819
2026-04-12T05:37:54.772395+00:00,1775972274.772395,9.853610,0.000663,9.853610
2026-04-12T05:37:54.847064+00:00,1775972274.847064,9.847685,0.000662,9.847685
2026-04-12T05:37:54.924581+00:00,1775972274.924581,9.842574,0.000662,9.842574
2026-04-12T05:37:55.005054+00:00,1775972275.005054,9.838057,0.000662,9.838057
2026-04-12T05:37:55.088004+00:00,1775972275.088004,9.789204,0.000660,9.789204
2026-04-12T05:37:55.181279+00:00,1775972275.181279,9.830772,0.000661,9.830772
2026-04-12T05:37:55.311222+00:00,1775972275.311222,9.885530,0.000665,9.885530
2026-04-12T05:37:55.405514+00:00,1775972275.405514,9.837383,0.000662,9.837383
2026-04-12T05:37:55.486565+00:00,1775972275.486565,9.776026,0.000659,9.776026
2026-04-12T05:37:55.565292+00:00,1775972275.565292,9.862301,0.000663,9.862301
2026-04-12T05:37:55.648534+00:00,1775972275.648534,9.827582,0.000661,9.827582
2026-04-12T05:37:55.720306+00:00,1775972275.720306,9.815080,0.000660,9.815080
2026-04-12T05:37:55.808533+00:00,1775972275.808533,9.812679,0.000660,9.812679
2026-04-12T05:37:55.892093+00:00,1775972275.892093,9.812253,0.000660,9.812253
2026-04-12T05:37:56.450238+00:00,1775972276.450238,9.812040,0.000660,9.812040
2026-04-12T05:37:56.525490+00:00,1775972276.525490,9.767522,0.000658,9.767522
2026-04-12T05:37:56.607280+00:00,1775972276.607280,9.857365,0.000663,9.857365
2026-04-12T05:37:56.680866+00:00,1775972276.680866,9.824070,0.000661,9.824070
2026-04-12T05:37:56.767319+00:00,1775972276.767319,9.811842,0.000660,9.811842
2026-04-12T05:37:56.852628+00:00,1775972276.852628,9.809686,0.000660,9.809686
2026-04-12T05:37:56.928507+00:00,1775972276.928507,9.809528,0.000660,9.809528
2026-04-12T05:37:57.002809+00:00,1775972277.002809,9.809749,0.000660,9.809749
2026-04-12T05:37:57.080476+00:00,1775972277.080476,9.809954,0.000660,9.809954
2026-04-12T05:37:57.156080+00:00,1775972277.156080,9.810193,0.000660,9.810193
2026-04-12T05:37:57.239222+00:00,1775972277.239222,9.810389,0.000660,9.810389
2026-04-12T05:37:57.330919+00:00,1775972277.330919,9.810434,0.000660,9.810434
2026-04-12T05:37:57.412235+00:00,1775972277.412235,9.810637,0.000660,9.810637
2026-04-12T05:37:57.491574+00:00,1775972277.491574,9.810424,0.000660,9.810424
2026-04-12T05:37:57.576125+00:00,1775972277.576125,9.810512,0.000660,9.810512
2026-04-12T05:37:57.656189+00:00,1775972277.656189,9.766020,0.000658,9.766020
2026-04-12T05:37:57.743997+00:00,1775972277.743997,9.810375,0.000660,9.810375
2026-04-12T05:37:57.829174+00:00,1775972277.829174,9.867845,0.000663,9.867845
2026-04-12T05:37:57.905257+00:00,1775972277.905257,9.822360,0.000661,9.822360
2026-04-12T05:37:57.973962+00:00,1775972277.973962,9.807907,0.000660,9.807907
2026-04-12T05:37:58.045592+00:00,1775972278.045592,9.806002,0.000660,9.806002
2026-04-12T05:37:58.121084+00:00,1775972278.121084,9.806378,0.000660,9.806378
2026-04-12T05:37:58.194187+00:00,1775972278.194187,9.806924,0.000660,9.806924
2026-04-12T05:37:58.269514+00:00,1775972278.269514,9.807992,0.000660,9.807992
2026-04-12T05:37:58.346857+00:00,1775972278.346857,9.808243,0.000660,9.808243
2026-04-12T05:37:58.427052+00:00,1775972278.427052,9.808781,0.000660,9.808781
2026-04-12T05:37:58.508205+00:00,1775972278.508205,9.809158,0.000660,9.809158
2026-04-12T05:37:58.585611+00:00,1775972278.585611,9.809505,0.000660,9.809505
2026-04-12T05:37:58.689345+00:00,1775972278.689345,9.809671,0.000660,9.809671
2026-04-12T05:37:58.761761+00:00,1775972278.761761,9.809593,0.000660,9.809593
2026-04-12T05:37:58.839674+00:00,1775972278.839674,9.809886,0.000660,9.809886
2026-04-12T05:37:58.919731+00:00,1775972278.919731,9.809775,0.000660,9.809775
2026-04-12T05:37:58.994625+00:00,1775972278.994625,9.810084,0.000660,9.810084
2026-04-12T05:37:59.096029+00:00,1775972279.096029,9.809898,0.000660,9.809898
2026-04-12T05:37:59.205405+00:00,1775972279.205405,9.765502,0.000658,9.765502
2026-04-12T05:37:59.286366+00:00,1775972279.286366,9.855287,0.000663,9.855287
2026-04-12T05:37:59.364966+00:00,1775972279.364966,9.822005,0.000661,9.822005
2026-04-12T05:37:59.446892+00:00,1775972279.446892,9.810140,0.000660,9.810140
2026-04-12T05:37:59.526339+00:00,1775972279.526339,9.807961,0.000660,9.807961
2026-04-12T05:37:59.608218+00:00,1775972279.608218,9.808063,0.000660,9.808063
2026-04-12T05:37:59.689544+00:00,1775972279.689544,9.763634,0.000658,9.763634
2026-04-12T05:37:59.773999+00:00,1775972279.773999,9.808532,0.000660,9.808532
2026-04-12T05:37:59.862507+00:00,1775972279.862507,9.820669,0.000661,9.820669
2026-04-12T05:37:59.946458+00:00,1775972279.946458,9.821174,0.000661,9.821174
2026-04-12T05:38:00.028823+00:00,1775972280.028823,9.818966,0.000660,9.818966
2026-04-12T05:38:00.113614+00:00,1775972280.113614,9.816770,0.000660,9.816770
2026-04-12T05:38:00.194803+00:00,1775972280.194803,9.860917,0.000663,9.860917
2026-04-12T05:38:00.276490+00:00,1775972280.276490,9.813900,0.000660,9.813900
2026-04-12T05:38:00.353636+00:00,1775972280.353636,9.800814,0.000659,9.800814
2026-04-12T05:38:00.449534+00:00,1775972280.449534,9.800009,0.000659,9.800009
2026-04-12T05:38:00.554945+00:00,1775972280.554945,9.801683,0.000659,9.801683
2026-04-12T05:38:00.632534+00:00,1775972280.632534,9.803737,0.000660,9.803737
2026-04-12T05:38:00.705493+00:00,1775972280.705493,9.804912,0.000660,9.804912
2026-04-12T05:38:00.791608+00:00,1775972280.791608,9.806367,0.000660,9.806367
2026-04-12T05:38:00.867411+00:00,1775972280.867411,9.807207,0.000660,9.807207
2026-04-12T05:38:00.953093+00:00,1775972280.953093,9.807844,0.000660,9.807844
2026-04-12T05:38:01.034817+00:00,1775972281.034817,9.808597,0.000660,9.808597
2026-04-12T05:38:01.114045+00:00,1775972281.114045,9.808993,0.000660,9.808993
2026-04-12T05:38:01.191541+00:00,1775972281.191541,9.809246,0.000660,9.809246
2026-04-12T05:38:01.272239+00:00,1775972281.272239,9.809501,0.000660,9.809501
2026-04-12T05:38:01.343340+00:00,1775972281.343340,9.809975,0.000660,9.809975
2026-04-12T05:38:01.425068+00:00,1775972281.425068,9.809895,0.000660,9.809895
2026-04-12T05:38:01.505315+00:00,1775972281.505315,9.810147,0.000660,9.810147
2026-04-12T05:38:01.598255+00:00,1775972281.598255,9.810111,0.000660,9.810111
2026-04-12T05:38:01.687381+00:00,1775972281.687381,9.765348,0.000658,9.765348
2026-04-12T05:38:01.767055+00:00,1775972281.767055,9.810043,0.000660,9.810043
2026-04-12T05:38:01.848714+00:00,1775972281.848714,9.821916,0.000661,9.821916
2026-04-12T05:38:01.939997+00:00,1775972281.939997,9.841678,0.397896,9.841678
2026-04-12T05:38:02.018877+00:00,1775972282.018877,9.829428,0.231620,9.829428
2026-04-12T05:38:02.094427+00:00,1775972282.094427,9.801815,0.249389,9.801815
2026-04-12T05:38:02.178194+00:00,1775972282.178194,9.765850,2.748605,9.765850
2026-04-12T05:38:02.250948+00:00,1775972282.250948,9.802160,2.399034,9.802160
2026-04-12T05:38:02.335778+00:00,1775972282.335778,9.806461,2.441673,9.806461
2026-04-12T05:38:02.422599+00:00,1775972282.422599,9.822864,2.445761,9.822864
2026-04-12T05:38:02.510905+00:00,1775972282.510905,9.818530,2.455882,9.818530
2026-04-12T05:38:02.592703+00:00,1775972282.592703,9.747155,2.420186,9.747155
2026-04-12T05:38:02.676896+00:00,1775972282.676896,9.851817,2.423629,9.851817
2026-04-12T05:38:02.755845+00:00,1775972282.755845,9.779976,2.462242,9.779976
2026-04-12T05:38:02.833796+00:00,1775972282.833796,9.826409,2.596018,9.826409
2026-04-12T05:38:02.924478+00:00,1775972282.924478,9.862283,2.582670,9.862283
2026-04-12T05:38:03.018709+00:00,1775972283.018709,9.791864,2.498334,9.791864
2026-04-12T05:38:03.113019+00:00,1775972283.113019,9.797215,2.465434,9.797215
2026-04-12T05:38:03.198091+00:00,1775972283.198091,9.770605,2.403758,9.770605
2026-04-12T05:38:03.282107+00:00,1775972283.282107,9.855720,2.447588,9.855720
2026-04-12T05:38:03.362213+00:00,1775972283.362213,9.803895,2.429286,9.803895
2026-04-12T05:38:03.438166+00:00,1775972283.438166,9.826940,2.480357,9.826940
2026-04-12T05:38:03.527313+00:00,1775972283.527313,9.812737,2.456738,9.812737
2026-04-12T05:38:03.638448+00:00,1775972283.638448,9.802853,2.443241,9.802853
2026-04-12T05:38:03.716754+00:00,1775972283.716754,9.801566,2.446124,9.801566
2026-04-12T05:38:03.794023+00:00,1775972283.794023,9.833367,2.459263,9.833367
2026-04-12T05:38:03.870786+00:00,1775972283.870786,9.805102,2.461730,9.805102
2026-04-12T05:38:03.948350+00:00,1775972283.948350,9.769556,2.439739,9.769556
2026-04-12T05:38:04.032895+00:00,1775972284.032895,9.864654,2.456568,9.864654
2026-04-12T05:38:04.147182+00:00,1775972284.147182,9.816209,2.452484,9.816209
2026-04-12T05:38:04.223736+00:00,1775972284.223736,9.800013,2.486671,9.800013
2026-04-12T05:38:04.306519+00:00,1775972284.306519,9.809300,2.471619,9.809300
2026-04-12T05:38:04.384271+00:00,1775972284.384271,9.764927,2.440231,9.764927
2026-04-12T05:38:04.473011+00:00,1775972284.473011,9.858463,3.856338,9.858463
2026-04-12T05:38:04.556172+00:00,1775972284.556172,9.778013,3.681475,9.778013
2026-04-12T05:38:04.648627+00:00,1775972284.648627,9.855597,3.637508,9.855597
2026-04-12T05:38:04.726895+00:00,1775972284.726895,9.774976,3.628939,9.774976
2026-04-12T05:38:04.803542+00:00,1775972284.803542,9.810169,3.664250,9.810169
2026-04-12T05:38:04.882832+00:00,1775972284.882832,9.819042,5.021384,9.819042
2026-04-12T05:38:04.961218+00:00,1775972284.961218,9.823482,4.883810,9.823482
2026-04-12T05:38:05.035719+00:00,1775972285.035719,9.818538,4.867719,9.818538
2026-04-12T05:38:05.112612+00:00,1775972285.112612,9.817299,4.879385,9.817299
2026-04-12T05:38:05.208260+00:00,1775972285.208260,9.816126,4.894619,9.816126
2026-04-12T05:38:05.286533+00:00,1775972285.286533,9.824861,6.383079,9.824861
2026-04-12T05:38:05.367695+00:00,1775972285.367695,9.814346,6.229713,9.814346
2026-04-12T05:38:05.441032+00:00,1775972285.441032,9.794902,6.166656,9.794902
2026-04-12T05:38:05.526311+00:00,1775972285.526311,9.784201,6.148412,9.784201
2026-04-12T05:38:05.603866+00:00,1775972285.603866,9.798718,7.590040,9.798718
2026-04-12T05:38:05.689880+00:00,1775972285.689880,9.817217,7.617276,9.817217
2026-04-12T05:38:05.770950+00:00,1775972285.770950,9.770714,7.392209,9.770714
2026-04-12T05:38:05.850094+00:00,1775972285.850094,9.806796,7.380413,9.806796
2026-04-12T05:38:05.932431+00:00,1775972285.932431,9.837661,8.865393,9.837661
2026-04-12T05:38:06.013748+00:00,1775972286.013748,9.816505,8.775297,9.816505
2026-04-12T05:38:06.105002+00:00,1775972286.105002,9.854573,9.078830,9.854573
2026-04-12T05:38:06.182488+00:00,1775972286.182488,9.801354,9.006530,9.801354
2026-04-12T05:38:06.261516+00:00,1775972286.261516,9.778159,8.832835,9.778159
2026-04-12T05:38:06.370831+00:00,1775972286.370831,9.836411,10.512686,10.512686
2026-04-12T05:38:06.457202+00:00,1775972286.457202,9.802775,10.377279,10.377279
2026-04-12T05:38:06.535737+00:00,1775972286.535737,9.800846,10.334365,10.334365
2026-04-12T05:38:06.613234+00:00,1775972286.613234,9.850033,10.118832,10.118832
2026-04-12T05:38:06.696187+00:00,1775972286.696187,9.770447,10.388870,10.388870
2026-04-12T05:38:06.779173+00:00,1775972286.779173,9.797568,10.304252,10.304252
2026-04-12T05:38:06.854144+00:00,1775972286.854144,9.836138,10.118088,10.118088
2026-04-12T05:38:06.933900+00:00,1775972286.933900,9.744154,10.188143,10.188143
2026-04-12T05:38:07.009524+00:00,1775972287.009524,9.801632,10.150863,10.150863
2026-04-12T05:38:07.089684+00:00,1775972287.089684,9.826485,10.133689,10.133689
2026-04-12T05:38:07.174697+00:00,1775972287.174697,9.830313,10.136185,10.136185
2026-04-12T05:38:07.260829+00:00,1775972287.260829,9.861333,10.234575,10.234575
2026-04-12T05:38:07.344531+00:00,1775972287.344531,9.805298,10.433746,10.433746
2026-04-12T05:38:07.425469+00:00,1775972287.425469,9.799815,10.369381,10.369381
2026-04-12T05:38:07.501725+00:00,1775972287.501725,9.798984,10.337376,10.337376
2026-04-12T05:38:07.578054+00:00,1775972287.578054,9.849413,10.127529,10.127529
2026-04-12T05:38:07.668362+00:00,1775972287.668362,9.767034,10.371746,10.371746
2026-04-12T05:38:07.750645+00:00,1775972287.750645,9.765901,10.184568,10.184568
2026-04-12T05:38:07.828812+00:00,1775972287.828812,9.850087,10.345300,10.345300
2026-04-12T05:38:07.908405+00:00,1775972287.908405,9.808020,10.341062,10.341062
2026-04-12T05:38:07.993472+00:00,1775972287.993472,9.857005,10.132076,10.132076
2026-04-12T05:38:08.071108+00:00,1775972288.071108,9.779036,10.397221,10.397221
2026-04-12T05:38:08.154854+00:00,1775972288.154854,9.763439,10.178916,10.178916
2026-04-12T05:38:08.232073+00:00,1775972288.232073,9.796785,10.149863,10.149863
2026-04-12T05:38:08.313530+00:00,1775972288.313530,9.826794,10.137084,10.137084
2026-04-12T05:38:08.395010+00:00,1775972288.395010,9.829099,10.145305,10.145305
2026-04-12T05:38:08.475740+00:00,1775972288.475740,9.816431,10.099218,10.099218
2026-04-12T05:38:08.564461+00:00,1775972288.564461,9.823739,10.179090,10.179090
2026-04-12T05:38:08.640454+00:00,1775972288.640454,9.812533,10.161300,10.161300
2026-04-12T05:38:08.715769+00:00,1775972288.715769,11.183533,10.364127,11.183533
2026-04-12T05:38:08.795607+00:00,1775972288.795607,9.788872,10.271080,10.271080
2026-04-12T05:38:08.870827+00:00,1775972288.870827,9.818937,10.147789,10.147789
2026-04-12T05:38:08.951414+00:00,1775972288.951414,9.764629,10.285531,10.285531
2026-04-12T05:38:09.032200+00:00,1775972289.032200,9.806343,10.149346,10.149346
2026-04-12T05:38:09.111149+00:00,1775972289.111149,9.768919,10.292898,10.292898
2026-04-12T05:38:09.188970+00:00,1775972289.188970,9.766487,10.232281,10.232281
2026-04-12T05:38:09.274017+00:00,1775972289.274017,9.834444,10.124165,10.124165
2026-04-12T05:38:09.370967+00:00,1775972289.370967,9.807437,10.125392,10.125392
2026-04-12T05:38:09.451996+00:00,1775972289.451996,9.691328,10.246717,10.246717
2026-04-12T05:38:09.564313+00:00,1775972289.564313,16.604894,9.979537,16.604894
2026-04-12T05:38:09.658734+00:00,1775972289.658734,9.761180,10.504766,10.504766
2026-04-12T05:38:09.737921+00:00,1775972289.737921,9.114369,10.075472,10.075472
2026-04-12T05:38:09.816943+00:00,1775972289.816943,9.069219,10.520496,10.520496
2026-04-12T05:38:09.892391+00:00,1775972289.892391,9.187744,10.073269,10.073269
2026-04-12T05:38:09.978540+00:00,1775972289.978540,16.053992,17.761763,17.761763
2026-04-12T05:38:10.067665+00:00,1775972290.067665,9.304737,17.055966,17.055966
2026-04-12T05:38:10.143260+00:00,1775972290.143260,8.471816,17.085994,17.085994
2026-04-12T05:38:10.219419+00:00,1775972290.219419,8.537107,17.090482,17.090482
2026-04-12T05:38:10.304583+00:00,1775972290.304583,8.729505,17.092264,17.092264
2026-04-12T05:38:10.374016+00:00,1775972290.374016,8.913644,17.092255,17.092255
2026-04-12T05:38:10.456518+00:00,1775972290.456518,9.070858,17.091497,17.091497
2026-04-12T05:38:10.551545+00:00,1775972290.551545,9.199658,17.089724,17.089724
2026-04-12T05:38:10.629954+00:00,1775972290.629954,10.064840,17.064738,17.064738
2026-04-12T05:38:10.721275+00:00,1775972290.721275,9.394766,17.075469,17.075469
2026-04-12T05:38:10.808900+00:00,1775972290.808900,9.598597,17.087134,17.087134
2026-04-12T05:38:10.888845+00:00,1775972290.888845,9.679704,17.091187,17.091187
2026-04-12T05:38:10.969529+00:00,1775972290.969529,11.623688,17.117320,17.117320
2026-04-12T05:38:11.043240+00:00,1775972291.043240,9.709111,17.102046,17.102046
2026-04-12T05:38:11.128097+00:00,1775972291.128097,10.397248,17.067514,17.067514
2026-04-12T05:38:11.206100+00:00,1775972291.206100,9.613118,17.071919,17.071919
2026-04-12T05:38:11.288730+00:00,1775972291.288730,9.743709,17.081247,17.081247
2026-04-12T05:38:11.369191+00:00,1775972291.369191,9.794846,17.084513,17.084513
2026-04-12T05:38:11.448860+00:00,1775972291.448860,22.655027,16.852265,22.655027
2026-04-12T05:38:11.545991+00:00,1775972291.545991,18.652044,16.888457,18.652044
2026-04-12T05:38:11.639059+00:00,1775972291.639059,8.321539,17.055739,17.055739
2026-04-12T05:38:11.717821+00:00,1775972291.717821,7.516638,17.080075,17.080075
2026-04-12T05:38:11.799136+00:00,1775972291.799136,7.722127,17.100662,17.100662
2026-04-12T05:38:11.873459+00:00,1775972291.873459,20.574373,17.095402,20.574373
2026-04-12T05:38:11.958905+00:00,1775972291.958905,22.621249,17.069708,22.621249
2026-04-12T05:38:12.035222+00:00,1775972292.035222,14.071864,16.997494,16.997494
2026-04-12T05:38:12.113828+00:00,1775972292.113828,8.659476,16.956013,16.956013
2026-04-12T05:38:12.191297+00:00,1775972292.191297,10.942280,16.990485,16.990485
2026-04-12T05:38:12.280445+00:00,1775972292.280445,13.250169,17.804962,17.804962
2026-04-12T05:38:12.367248+00:00,1775972292.367248,9.457777,17.065995,17.065995
2026-04-12T05:38:12.470730+00:00,1775972292.470730,18.515073,17.945073,18.515073
2026-04-12T05:38:12.548367+00:00,1775972292.548367,15.173453,17.187264,17.187264
2026-04-12T05:38:12.634768+00:00,1775972292.634768,8.980715,17.839950,17.839950
2026-04-12T05:38:12.707352+00:00,1775972292.707352,14.646765,17.989869,17.989869
2026-04-12T05:38:12.789205+00:00,1775972292.789205,19.313952,17.922466,19.313952
2026-04-12T05:38:12.873887+00:00,1775972292.873887,18.857025,17.836549,18.857025
2026-04-12T05:38:12.952528+00:00,1775972292.952528,20.685751,17.759549,20.685751
2026-04-12T05:38:13.038372+00:00,1775972293.038372,21.417451,17.728461,21.417451
2026-04-12T05:38:13.157286+00:00,1775972293.157286,21.991112,17.723757,21.991112
2026-04-12T05:38:13.243851+00:00,1775972293.243851,19.023412,17.693025,19.023412
2026-04-12T05:38:13.323747+00:00,1775972293.323747,17.494140,17.740686,17.740686
2026-04-12T05:38:13.400940+00:00,1775972293.400940,15.782617,17.760350,17.760350
2026-04-12T05:38:13.478083+00:00,1775972293.478083,12.747706,17.753829,17.753829
2026-04-12T05:38:13.553095+00:00,1775972293.553095,11.149743,17.816561,17.816561
2026-04-12T05:38:13.638500+00:00,1775972293.638500,11.106673,17.816902,17.816902
2026-04-12T05:38:13.722901+00:00,1775972293.722901,10.078680,17.832817,17.832817
2026-04-12T05:38:13.804313+00:00,1775972293.804313,5.798288,17.888679,17.888679
2026-04-12T05:38:13.883885+00:00,1775972293.883885,4.756833,17.919980,17.919980
2026-04-12T05:38:13.967697+00:00,1775972293.967697,7.630394,17.874991,17.874991
2026-04-12T05:38:14.044808+00:00,1775972294.044808,2.638819,17.864993,17.864993
2026-04-12T05:38:14.137233+00:00,1775972294.137233,2.337320,17.869568,17.869568
2026-04-12T05:38:14.222818+00:00,1775972294.222818,2.982352,17.856661,17.856661
2026-04-12T05:38:14.299083+00:00,1775972294.299083,4.090288,17.847192,17.847192
2026-04-12T05:38:14.375271+00:00,1775972294.375271,3.538873,17.861796,17.861796
2026-04-12T05:38:14.461966+00:00,1775972294.461966,6.151086,17.841314,17.841314
2026-04-12T05:38:14.539296+00:00,1775972294.539296,8.049761,17.857047,17.857047
2026-04-12T05:38:14.632364+00:00,1775972294.632364,8.725000,17.861697,17.861697
2026-04-12T05:38:14.730124+00:00,1775972294.730124,9.040441,17.863599,17.863599
2026-04-12T05:38:14.814021+00:00,1775972294.814021,9.236043,17.863618,17.863618
2026-04-12T05:38:14.901496+00:00,1775972294.901496,4.753860,17.934982,17.934982
2026-04-12T05:38:14.998852+00:00,1775972294.998852,14.565458,17.961061,17.961061
2026-04-12T05:38:15.077096+00:00,1775972295.077096,10.980373,17.801177,17.801177
2026-04-12T05:38:15.163985+00:00,1775972295.163985,7.511375,17.878551,17.878551
2026-04-12T05:38:15.253260+00:00,1775972295.253260,14.585960,17.834556,17.834556
2026-04-12T05:38:15.363318+00:00,1775972295.363318,15.040888,17.822790,17.822790
2026-04-12T05:38:15.443960+00:00,1775972295.443960,14.341738,17.823295,17.823295
2026-04-12T05:38:15.522110+00:00,1775972295.522110,13.522487,17.826550,17.826550
2026-04-12T05:38:15.603995+00:00,1775972295.603995,12.805722,17.830144,17.830144
2026-04-12T05:38:15.678268+00:00,1775972295.678268,12.217547,17.834068,17.834068
2026-04-12T05:38:15.751546+00:00,1775972295.751546,11.744062,17.837540,17.837540
2026-04-12T05:38:15.828915+00:00,1775972295.828915,11.363339,17.840042,17.840042
2026-04-12T05:38:15.908414+00:00,1775972295.908414,11.057720,17.842485,17.842485
2026-04-12T05:38:15.991676+00:00,1775972295.991676,10.812769,17.844477,17.844477
2026-04-12T05:38:16.073567+00:00,1775972296.073567,10.616437,17.845901,17.845901
2026-04-12T05:38:16.159818+00:00,1775972296.159818,10.458715,17.846825,17.846825
2026-04-12T05:38:16.244435+00:00,1775972296.244435,10.331366,17.847887,17.847887
2026-04-12T05:38:16.317623+00:00,1775972296.317623,10.230087,17.848405,17.848405
2026-04-12T05:38:16.393777+00:00,1775972296.393777,10.147828,17.849195,17.849195
2026-04-12T05:38:16.470190+00:00,1775972296.470190,10.081989,17.849648,17.849648
2026-04-12T05:38:16.552301+00:00,1775972296.552301,10.029195,17.850076,17.850076
2026-04-12T05:38:16.639693+00:00,1775972296.639693,9.986306,17.850479,17.850479
2026-04-12T05:38:16.713710+00:00,1775972296.713710,9.952255,17.850584,17.850584
2026-04-12T05:38:16.791896+00:00,1775972296.791896,9.924833,17.850783,17.850783
2026-04-12T05:38:16.865365+00:00,1775972296.865365,9.902244,17.851179,17.851179
2026-04-12T05:38:16.991183+00:00,1775972296.991183,9.884623,17.850909,17.850909
2026-04-12T05:38:17.066580+00:00,1775972297.066580,14.217472,17.954040,17.954040
2026-04-12T05:38:17.143970+00:00,1775972297.143970,17.671971,17.751768,17.751768
2026-04-12T05:38:17.223709+00:00,1775972297.223709,6.872799,17.892817,17.892817
2026-04-12T05:38:17.305402+00:00,1775972297.305402,12.517407,17.849217,17.849217
2026-04-12T05:38:17.386502+00:00,1775972297.386502,12.963617,17.838880,17.838880
2026-04-12T05:38:17.474022+00:00,1775972297.474022,15.610898,18.192049,18.192049
2026-04-12T05:38:17.567395+00:00,1775972297.567395,12.090880,17.827735,17.827735
2026-04-12T05:38:17.645140+00:00,1775972297.645140,11.733113,17.779658,17.779658
2026-04-12T05:38:17.721699+00:00,1775972297.721699,11.390611,17.780884,17.780884
2026-04-12T05:38:17.794039+00:00,1775972297.794039,11.076787,17.791264,17.791264
2026-04-12T05:38:17.867492+00:00,1775972297.867492,10.817954,17.802339,17.802339
2026-04-12T05:38:17.943375+00:00,1775972297.943375,10.611991,17.811542,17.811542
2026-04-12T05:38:18.017743+00:00,1775972298.017743,10.448617,17.819306,17.819306
2026-04-12T05:38:18.101488+00:00,1775972298.101488,10.319280,17.825522,17.825522
2026-04-12T05:38:18.177278+00:00,1775972298.177278,10.216647,17.830290,17.830290
2026-04-12T05:38:18.254995+00:00,1775972298.254995,10.135385,17.834202,17.834202
2026-04-12T05:38:18.341685+00:00,1775972298.341685,10.070157,17.837504,17.837504
2026-04-12T05:38:18.423245+00:00,1775972298.423245,10.018798,17.840061,17.840061
2026-04-12T05:38:18.497733+00:00,1775972298.497733,9.977143,17.842420,17.842420
2026-04-12T05:38:18.574838+00:00,1775972298.574838,9.944596,17.843967,17.843967
2026-04-12T05:38:18.658973+00:00,1775972298.658973,9.918140,17.845520,17.845520
2026-04-12T05:38:18.752993+00:00,1775972298.752993,9.897066,17.846398,17.846398
2026-04-12T05:38:18.844336+00:00,1775972298.844336,9.879957,17.847174,17.847174
2026-04-12T05:38:18.919140+00:00,1775972298.919140,9.868484,17.851671,17.851671
2026-04-12T05:38:19.003531+00:00,1775972299.003531,9.855277,17.846461,17.846461
2026-04-12T05:38:19.080723+00:00,1775972299.080723,9.845643,17.845690,17.845690
2026-04-12T05:38:19.159256+00:00,1775972299.159256,9.839079,17.846105,17.846105
2026-04-12T05:38:19.249176+00:00,1775972299.249176,9.832987,17.846926,17.846926
2026-04-12T05:38:19.328903+00:00,1775972299.328903,9.828904,17.847347,17.847347
2026-04-12T05:38:19.410996+00:00,1775972299.410996,9.822657,17.844396,17.844396
2026-04-12T05:38:19.487261+00:00,1775972299.487261,9.822506,17.850040,17.850040
2026-04-12T05:38:19.576202+00:00,1775972299.576202,9.823512,17.855117,17.855117
2026-04-12T05:38:19.651802+00:00,1775972299.651802,9.818745,17.849741,17.849741
2026-04-12T05:38:19.746667+00:00,1775972299.746667,9.813782,17.844888,17.844888
2026-04-12T05:38:19.832788+00:00,1775972299.832788,9.817058,17.853903,17.853903
2026-04-12T05:38:19.917487+00:00,1775972299.917487,9.815181,17.849790,17.849790
2026-04-12T05:38:19.994844+00:00,1775972299.994844,9.813099,17.848634,17.848634
2026-04-12T05:38:20.070119+00:00,1775972300.070119,9.812627,17.848615,17.848615
2026-04-12T05:38:20.148211+00:00,1775972300.148211,9.812033,17.849053,17.849053
2026-04-12T05:38:20.225731+00:00,1775972300.225731,9.812191,17.849263,17.849263
2026-04-12T05:38:20.316002+00:00,1775972300.316002,9.812067,17.848868,17.848868
2026-04-12T05:38:20.401082+00:00,1775972300.401082,9.808602,17.845438,17.845438
2026-04-12T05:38:20.479001+00:00,1775972300.479001,9.810478,17.850837,17.850837
2026-04-12T05:38:20.549179+00:00,1775972300.549179,9.814451,17.855564,17.855564
2026-04-12T05:38:20.628539+00:00,1775972300.628539,9.811601,17.850472,17.850472
2026-04-12T05:38:20.700439+00:00,1775972300.700439,9.809737,17.848819,17.848819
2026-04-12T05:38:20.793058+00:00,1775972300.793058,9.809981,17.848661,17.848661
2026-04-12T05:38:20.884825+00:00,1775972300.884825,9.807864,17.845044,17.845044
2026-04-12T05:38:20.988245+00:00,1775972300.988245,9.809845,17.850760,17.850760
2026-04-12T05:38:21.074237+00:00,1775972301.074237,9.811744,15.290622,15.290622
2026-04-12T05:38:21.160726+00:00,1775972301.160726,9.811302,15.296930,15.296930
2026-04-12T05:38:21.248901+00:00,1775972301.248901,9.808483,15.293052,15.293052
2026-04-12T05:38:21.338774+00:00,1775972301.338774,9.810382,15.297858,15.297858
2026-04-12T05:38:21.414507+00:00,1775972301.414507,9.812659,15.300822,15.300822
2026-04-12T05:38:21.492734+00:00,1775972301.492734,9.811248,15.296413,15.296413
2026-04-12T05:38:21.565328+00:00,1775972301.565328,9.810365,15.296410,15.296410
2026-04-12T05:38:21.638701+00:00,1775972301.638701,9.810352,15.296357,15.296357
2026-04-12T05:38:21.714219+00:00,1775972301.714219,9.809904,15.296674,15.296674
2026-04-12T05:38:21.788810+00:00,1775972301.788810,9.809753,15.296441,15.296441
2026-04-12T05:38:21.863516+00:00,1775972301.863516,9.809428,15.296454,15.296454
2026-04-12T05:38:21.942838+00:00,1775972301.942838,9.810365,15.296806,15.296806
2026-04-12T05:38:22.029788+00:00,1775972302.029788,9.809663,15.296564,15.296564
2026-04-12T05:38:22.105652+00:00,1775972302.105652,9.806899,12.817783,12.817783
2026-04-12T05:38:22.192123+00:00,1775972302.192123,9.810224,12.827915,12.827915
2026-04-12T05:38:22.296588+00:00,1775972302.296588,9.809980,12.825410,12.825410
2026-04-12T05:38:22.376597+00:00,1775972302.376597,9.811837,12.831734,12.831734
2026-04-12T05:38:22.455698+00:00,1775972302.455698,9.808293,12.824875,12.824875
2026-04-12T05:38:22.534171+00:00,1775972302.534171,9.813497,12.832024,12.832024
2026-04-12T05:38:22.633037+00:00,1775972302.633037,9.808571,12.825366,12.825366
2026-04-12T05:38:22.723351+00:00,1775972302.723351,9.810166,12.829334,12.829334
2026-04-12T05:38:22.811804+00:00,1775972302.811804,9.812630,12.831776,12.831776
2026-04-12T05:38:22.889268+00:00,1775972302.889268,9.810575,12.827676,12.827676
2026-04-12T05:38:22.974193+00:00,1775972302.974193,9.810711,12.827925,12.827925
2026-04-12T05:38:23.049171+00:00,1775972303.049171,9.809460,12.827547,12.827547
2026-04-12T05:38:23.130882+00:00,1775972303.130882,9.806019,10.534610,10.534610
2026-04-12T05:38:23.208069+00:00,1775972303.208069,9.810226,10.564523,10.564523
2026-04-12T05:38:23.284835+00:00,1775972303.284835,9.809534,10.561551,10.561551
2026-04-12T05:38:23.357722+00:00,1775972303.357722,9.810658,10.562722,10.562722
2026-04-12T05:38:23.438966+00:00,1775972303.438966,9.809760,10.561507,10.561507
2026-04-12T05:38:23.520142+00:00,1775972303.520142,9.810370,10.562282,10.562282
2026-04-12T05:38:23.591540+00:00,1775972303.591540,9.810149,10.561881,10.561881
2026-04-12T05:38:23.671154+00:00,1775972303.671154,9.809702,10.559477,10.559477
2026-04-12T05:38:23.748125+00:00,1775972303.748125,9.810678,10.559045,10.559045
2026-04-12T05:38:23.826384+00:00,1775972303.826384,9.810870,10.561845,10.561845
2026-04-12T05:38:23.905810+00:00,1775972303.905810,9.810089,10.561275,10.561275
2026-04-12T05:38:23.983215+00:00,1775972303.983215,9.809904,10.560914,10.560914
2026-04-12T05:38:24.070310+00:00,1775972304.070310,9.810159,10.560655,10.560655
2026-04-12T05:38:24.180200+00:00,1775972304.180200,9.810209,10.560472,10.560472
2026-04-12T05:38:24.262578+00:00,1775972304.262578,9.809053,10.560865,10.560865
2026-04-12T05:38:24.344892+00:00,1775972304.344892,9.809743,10.562661,10.562661
2026-04-12T05:38:24.427791+00:00,1775972304.427791,9.810457,8.282504,9.810457
2026-04-12T05:38:24.533131+00:00,1775972304.533131,9.811015,8.284119,9.811015
2026-04-12T05:38:24.607145+00:00,1775972304.607145,9.810086,8.282207,9.810086
2026-04-12T05:38:24.679564+00:00,1775972304.679564,9.810342,8.282145,9.810342
2026-04-12T05:38:24.757911+00:00,1775972304.757911,9.810061,8.282173,9.810061
2026-04-12T05:38:24.831813+00:00,1775972304.831813,9.810497,8.282413,9.810497
2026-04-12T05:38:24.913162+00:00,1775972304.913162,9.810241,8.282444,9.810241
2026-04-12T05:38:24.992001+00:00,1775972304.992001,9.810428,8.282559,9.810428
2026-04-12T05:38:25.072325+00:00,1775972305.072325,9.810013,8.282613,9.810013
2026-04-12T05:38:25.154271+00:00,1775972305.154271,9.810090,8.282535,9.810090
2026-04-12T05:38:25.228938+00:00,1775972305.228938,9.808850,8.279907,9.808850
2026-04-12T05:38:25.310212+00:00,1775972305.310212,9.809365,8.282685,9.809365
2026-04-12T05:38:25.386897+00:00,1775972305.386897,9.807945,6.071930,9.807945
2026-04-12T05:38:25.465539+00:00,1775972305.465539,9.813440,6.084428,9.813440
2026-04-12T05:38:25.541459+00:00,1775972305.541459,9.809386,6.077581,9.809386
2026-04-12T05:38:25.623259+00:00,1775972305.623259,9.809867,6.079603,9.809867
2026-04-12T05:38:25.703034+00:00,1775972305.703034,9.810484,6.080945,9.810484
2026-04-12T05:38:25.781191+00:00,1775972305.781191,9.813030,6.083805,9.813030
2026-04-12T05:38:25.859230+00:00,1775972305.859230,9.810430,6.080175,9.810430
2026-04-12T05:38:25.956958+00:00,1775972305.956958,9.809886,6.078732,9.809886
2026-04-12T05:38:26.040410+00:00,1775972306.040410,9.809658,6.078463,9.809658
2026-04-12T05:38:26.121070+00:00,1775972306.121070,9.809737,6.078896,9.809737
2026-04-12T05:38:26.257426+00:00,1775972306.257426,9.809801,6.078930,9.809801
2026-04-12T05:38:26.331797+00:00,1775972306.331797,9.810164,6.079049,9.810164
2026-04-12T05:38:26.411693+00:00,1775972306.411693,9.810280,6.079379,9.810280
2026-04-12T05:38:26.490986+00:00,1775972306.490986,9.809883,6.079427,9.809883
2026-04-12T05:38:26.561277+00:00,1775972306.561277,9.809628,6.079465,9.809628
2026-04-12T05:38:26.665388+00:00,1775972306.665388,9.809834,6.079470,9.809834
2026-04-12T05:38:26.757258+00:00,1775972306.757258,9.808832,6.076827,9.808832
2026-04-12T05:38:26.837352+00:00,1775972306.837352,9.812210,6.082645,9.812210
2026-04-12T05:38:26.918752+00:00,1775972306.918752,9.810940,6.080698,9.810940
2026-04-12T05:38:27.000424+00:00,1775972307.000424,9.807115,4.001328,9.807115
2026-04-12T05:38:27.084004+00:00,1775972307.084004,9.810088,4.013678,9.810088
2026-04-12T05:38:27.158973+00:00,1775972307.158973,9.809987,4.013465,9.809987
2026-04-12T05:38:27.239650+00:00,1775972307.239650,9.808671,4.011946,9.808671
2026-04-12T05:38:27.317953+00:00,1775972307.317953,9.812836,4.017406,9.812836
2026-04-12T05:38:27.392779+00:00,1775972307.392779,9.811172,4.015177,9.811172
2026-04-12T05:38:27.472002+00:00,1775972307.472002,9.810034,4.013834,9.810034
2026-04-12T05:38:27.550402+00:00,1775972307.550402,9.810264,4.013812,9.810264
2026-04-12T05:38:27.633153+00:00,1775972307.633153,9.810251,4.013868,9.810251
2026-04-12T05:38:27.703790+00:00,1775972307.703790,9.809841,4.014109,9.809841
2026-04-12T05:38:27.773737+00:00,1775972307.773737,9.810226,4.014080,9.810226
2026-04-12T05:38:27.853131+00:00,1775972307.853131,9.810113,4.014197,9.810113
2026-04-12T05:38:27.932372+00:00,1775972307.932372,9.809948,4.014240,9.809948
2026-04-12T05:38:28.009787+00:00,1775972308.009787,9.809782,4.014114,9.809782
2026-04-12T05:38:28.091378+00:00,1775972308.091378,9.810181,4.014174,9.810181
2026-04-12T05:38:28.163879+00:00,1775972308.163879,9.809997,4.014229,9.809997
2026-04-12T05:38:28.249372+00:00,1775972308.249372,9.810267,4.014340,9.810267
2026-04-12T05:38:28.330043+00:00,1775972308.330043,9.810235,4.014340,9.810235
2026-04-12T05:38:28.410933+00:00,1775972308.410933,9.811807,2.100973,9.811807
2026-04-12T05:38:28.486416+00:00,1775972308.486416,9.799455,2.079762,9.799455
2026-04-12T05:38:28.566829+00:00,1775972308.566829,9.826375,2.086106,9.826375
2026-04-12T05:38:28.654477+00:00,1775972308.654477,9.833847,2.072419,9.833847
2026-04-12T05:38:28.756302+00:00,1775972308.756302,9.765011,2.078512,9.765011
2026-04-12T05:38:28.831343+00:00,1775972308.831343,9.832659,2.073501,9.832659
2026-04-12T05:38:28.919695+00:00,1775972308.919695,9.817631,2.093576,9.817631
2026-04-12T05:38:29.000039+00:00,1775972309.000039,9.800321,2.145083,9.800321
2026-04-12T05:38:29.092469+00:00,1775972309.092469,9.794089,2.144677,9.794089
2026-04-12T05:38:29.191404+00:00,1775972309.191404,9.829593,2.117618,9.829593
2026-04-12T05:38:29.270703+00:00,1775972309.270703,9.802306,2.160312,9.802306
2026-04-12T05:38:29.366858+00:00,1775972309.366858,9.827785,2.155719,9.827785
2026-04-12T05:38:29.438517+00:00,1775972309.438517,9.797761,2.215593,9.797761
2026-04-12T05:38:29.514217+00:00,1775972309.514217,9.831308,2.183407,9.831308
2026-04-12T05:38:29.591447+00:00,1775972309.591447,9.792288,2.182409,9.792288
2026-04-12T05:38:29.665322+00:00,1775972309.665322,9.818617,2.214855,9.818617
2026-04-12T05:38:29.743670+00:00,1775972309.743670,9.797432,2.254580,9.797432
2026-04-12T05:38:29.819771+00:00,1775972309.819771,9.830206,2.227752,9.830206
2026-04-12T05:38:29.897048+00:00,1775972309.897048,9.796238,2.211236,9.796238
2026-04-12T05:38:29.978974+00:00,1775972309.978974,9.803663,2.251348,9.803663
2026-04-12T05:38:30.076081+00:00,1775972310.076081,9.837328,2.261307,9.837328
2026-04-12T05:38:30.163172+00:00,1775972310.163172,9.780469,2.265648,9.780469
2026-04-12T05:38:30.234427+00:00,1775972310.234427,9.818667,2.224672,9.818667
2026-04-12T05:38:30.307762+00:00,1775972310.307762,9.845873,2.241666,9.845873
2026-04-12T05:38:30.389686+00:00,1775972310.389686,9.762193,2.233028,9.762193
2026-04-12T05:38:30.490571+00:00,1775972310.490571,9.809364,2.212732,9.809364
2026-04-12T05:38:30.566272+00:00,1775972310.566272,9.821227,2.095839,9.821227
2026-04-12T05:38:30.644369+00:00,1775972310.644369,9.797698,2.106159,9.797698
2026-04-12T05:38:30.718290+00:00,1775972310.718290,9.815510,2.111310,9.815510
2026-04-12T05:38:30.789629+00:00,1775972310.789629,9.809134,2.106293,9.809134
2026-04-12T05:38:30.867073+00:00,1775972310.867073,9.810815,2.102165,9.810815
2026-04-12T05:38:30.945011+00:00,1775972310.945011,9.808994,2.101873,9.808994
2026-04-12T05:38:31.033727+00:00,1775972311.033727,9.811435,2.103795,9.811435
2026-04-12T05:38:31.150186+00:00,1775972311.150186,9.808477,2.103479,9.808477
2026-04-12T05:38:31.251504+00:00,1775972311.251504,9.811593,2.103073,9.811593
2026-04-12T05:38:31.327810+00:00,1775972311.327810,9.808385,2.103623,9.808385
2026-04-12T05:38:31.408275+00:00,1775972311.408275,9.811435,2.103477,9.811435
2026-04-12T05:38:31.486401+00:00,1775972311.486401,9.808438,2.103837,9.808438
2026-04-12T05:38:31.560158+00:00,1775972311.560158,9.809964,2.097491,9.809964
2026-04-12T05:38:31.649022+00:00,1775972311.649022,9.808919,2.103626,9.808919
2026-04-12T05:38:31.734199+00:00,1775972311.734199,9.811931,2.106087,9.811931
2026-04-12T05:38:31.810239+00:00,1775972311.810239,9.811736,2.113193,9.811736
2026-04-12T05:38:31.890918+00:00,1775972311.890918,9.812143,2.106207,9.812143
2026-04-12T05:38:31.967667+00:00,1775972311.967667,9.808089,2.103883,9.808089
2026-04-12T05:38:32.051059+00:00,1775972312.051059,9.811523,2.102830,9.811523
2026-04-12T05:38:32.138889+00:00,1775972312.138889,9.808467,2.103528,9.808467
2026-04-12T05:38:32.222137+00:00,1775972312.222137,9.811166,2.103373,9.811166
2026-04-12T05:38:32.297042+00:00,1775972312.297042,9.808664,2.103622,9.808664
2026-04-12T05:38:32.376781+00:00,1775972312.376781,9.811260,2.103300,9.811260
2026-04-12T05:38:32.454673+00:00,1775972312.454673,9.808732,2.103766,9.808732
2026-04-12T05:38:32.533733+00:00,1775972312.533733,9.811342,2.103328,9.811342
2026-04-12T05:38:32.609314+00:00,1775972312.609314,9.806330,2.096515,9.806330
2026-04-12T05:38:32.688560+00:00,1775972312.688560,9.811544,2.101937,9.811544
2026-04-12T05:38:32.784263+00:00,1775972312.784263,9.809503,2.104423,9.809503
2026-04-12T05:38:32.856246+00:00,1775972312.856246,9.814896,2.113223,9.814896
2026-04-12T05:38:32.930821+00:00,1775972312.930821,9.808786,2.106509,9.808786
2026-04-12T05:38:33.012913+00:00,1775972313.012913,9.811603,2.100683,9.811603
2026-04-12T05:38:33.092011+00:00,1775972313.092011,9.807726,0.000659,9.807726
2026-04-12T05:38:33.177826+00:00,1775972313.177826,9.809294,0.032179,9.809294
2026-04-12T05:38:33.264671+00:00,1775972313.264671,9.808083,0.013854,9.808083
2026-04-12T05:38:33.346835+00:00,1775972313.346835,9.811232,0.041743,9.811232
2026-04-12T05:38:33.422066+00:00,1775972313.422066,9.809340,0.002644,9.809340
2026-04-12T05:38:33.501207+00:00,1775972313.501207,9.809277,0.000660,9.809277
2026-04-12T05:38:33.574540+00:00,1775972313.574540,9.809443,0.000660,9.809443
2026-04-12T05:38:33.644139+00:00,1775972313.644139,9.809539,0.000660,9.809539
2026-04-12T05:38:33.709771+00:00,1775972313.709771,9.809896,0.000660,9.809896
2026-04-12T05:38:33.782614+00:00,1775972313.782614,9.809939,0.000660,9.809939
2026-04-12T05:38:33.858192+00:00,1775972313.858192,9.809674,0.000660,9.809674
2026-04-12T05:38:33.939868+00:00,1775972313.939868,9.809781,0.000660,9.809781
2026-04-12T05:38:34.020060+00:00,1775972314.020060,9.809828,0.000660,9.809828
2026-04-12T05:38:34.104421+00:00,1775972314.104421,9.810325,0.000660,9.810325
2026-04-12T05:38:34.175049+00:00,1775972314.175049,9.809728,0.000660,9.809728
2026-04-12T05:38:34.246701+00:00,1775972314.246701,9.808118,0.000656,9.808118
2026-04-12T05:38:34.318215+00:00,1775972314.318215,9.809712,0.000660,9.809712
2026-04-12T05:38:34.380842+00:00,1775972314.380842,9.811062,0.000661,9.811062
2026-04-12T05:38:34.454453+00:00,1775972314.454453,9.813250,0.000664,9.813250
2026-04-12T05:38:34.528712+00:00,1775972314.528712,9.808739,0.000657,9.808739
2026-04-12T05:38:34.598222+00:00,1775972314.598222,9.809525,0.000660,9.809525
2026-04-12T05:38:34.673103+00:00,1775972314.673103,9.810210,0.000660,9.810210
2026-04-12T05:38:34.749124+00:00,1775972314.749124,9.812865,0.000664,9.812865
2026-04-12T05:38:34.825964+00:00,1775972314.825964,9.810452,0.000660,9.810452
2026-04-12T05:38:34.910423+00:00,1775972314.910423,9.809560,0.000660,9.809560
2026-04-12T05:38:34.984675+00:00,1775972314.984675,9.808251,0.000656,9.808251
2026-04-12T05:38:35.059185+00:00,1775972315.059185,9.809683,0.000660,9.809683
2026-04-12T05:38:35.135693+00:00,1775972315.135693,9.813068,0.000664,9.813068
2026-04-12T05:38:35.211039+00:00,1775972315.211039,9.810677,0.000660,9.810677
2026-04-12T05:38:35.326174+00:00,1775972315.326174,9.809686,0.000660,9.809686
2026-04-12T05:38:35.394833+00:00,1775972315.394833,9.808160,0.000656,9.808160
2026-04-12T05:38:35.466395+00:00,1775972315.466395,9.811639,0.000663,9.811639
2026-04-12T05:38:35.539941+00:00,1775972315.539941,9.809180,0.000657,9.809180
2026-04-12T05:38:35.612858+00:00,1775972315.612858,9.811856,0.000663,9.811856
2026-04-12T05:38:35.692933+00:00,1775972315.692933,9.810733,0.000660,9.810733
2026-04-12T05:38:35.769859+00:00,1775972315.769859,9.809453,0.000660,9.809453
2026-04-12T05:38:35.853210+00:00,1775972315.853210,9.809541,0.000660,9.809541
2026-04-12T05:38:35.926992+00:00,1775972315.926992,9.809901,0.000660,9.809901
2026-04-12T05:38:35.991901+00:00,1775972315.991901,9.808291,0.000656,9.808291
2026-04-12T05:38:36.069908+00:00,1775972316.069908,9.809763,0.000660,9.809763
2026-04-12T05:38:36.140858+00:00,1775972316.140858,9.810822,0.000660,9.810822
2026-04-12T05:38:36.209786+00:00,1775972316.209786,9.810600,0.000660,9.810600
2026-04-12T05:38:36.278951+00:00,1775972316.278951,9.810716,0.000660,9.810716
2026-04-12T05:38:36.359122+00:00,1775972316.359122,9.810496,0.000660,9.810496
2026-04-12T05:38:36.446731+00:00,1775972316.446731,9.810656,0.000660,9.810656
2026-04-12T05:38:36.513605+00:00,1775972316.513605,9.810458,0.000660,9.810458
2026-04-12T05:38:36.595263+00:00,1775972316.595263,9.810225,0.000660,9.810225
2026-04-12T05:38:36.665681+00:00,1775972316.665681,9.812164,0.000664,9.812164
2026-04-12T05:38:36.734767+00:00,1775972316.734767,9.808697,0.000657,9.808697
2026-04-12T05:38:36.839232+00:00,1775972316.839232,9.809158,0.000659,9.809158
2026-04-12T05:38:36.907564+00:00,1775972316.907564,9.809789,0.000660,9.809789
2026-04-12T05:38:36.979017+00:00,1775972316.979017,9.812517,0.000664,9.812517
2026-04-12T05:38:37.047119+00:00,1775972317.047119,9.810216,0.000660,9.810216
2026-04-12T05:38:37.117911+00:00,1775972317.117911,9.809541,0.000659,9.809541
2026-04-12T05:38:37.192660+00:00,1775972317.192660,9.809626,0.000659,9.809626
2026-04-12T05:38:37.273179+00:00,1775972317.273179,9.809603,0.000660,9.809603
2026-04-12T05:38:37.366121+00:00,1775972317.366121,9.808417,0.000656,9.808417
2026-04-12T05:38:37.432782+00:00,1775972317.432782,9.811680,0.000663,9.811680
2026-04-12T05:38:37.503001+00:00,1775972317.503001,9.810610,0.000660,9.810610
2026-04-12T05:38:37.576918+00:00,1775972317.576918,9.809900,0.000660,9.809900
2026-04-12T05:38:37.657456+00:00,1775972317.657456,9.809969,0.000660,9.809969
2026-04-12T05:38:37.721316+00:00,1775972317.721316,9.809925,0.000660,9.809925
2026-04-12T05:38:37.790546+00:00,1775972317.790546,9.810001,0.000660,9.810001
2026-04-12T05:38:37.878321+00:00,1775972317.878321,9.810130,0.000660,9.810130
2026-04-12T05:38:37.952965+00:00,1775972317.952965,9.810125,0.000660,9.810125
